{
  "Author": "Kino the Cat",
  "Name": "AltTrack",
  "InternalName": "AltTrack",
  "AssemblyVersion": "0.0.0.8",
  "Description": "Uses the public account id value to identify alt characters (that harass you)",
  "ApplicableVersion": "any",
  "RepoUrl": "https://github.com/kino-the-cat/AltTrack",
  "Tags": [
    "stalker",
    "matuno",
    "accountid",
    "alt"
  ],
  "DalamudApiLevel": 12,
  "LoadRequiredState": 0,
  "LoadSync": false,
  "CanUnloadAsync": false,
  "LoadPriority": 0,
  "Punchline": "You can find alts (that harass you)",
  "AcceptsFeedback": true
}